SET autocommit=0;

insert into   `resource` (`id`,`created`,`last_update`,`version`,`value`,`name`,`type`,`module_id`,`status`) VALUES ('11000318','1337862019901','1337862019901','0','/web/member.do?method=salesManData','web_member_salesManData','request',null,'active');
insert into   `resource` (`id`,`created`,`last_update`,`version`,`value`,`name`,`type`,`module_id`,`status`) VALUES ('11000319','1337862019901','1337862019901','0','/web/member.do?method=getSaleManInfoById','web_member_getSaleManInfoById','request',null,'active');
insert into   `resource` (`id`,`created`,`last_update`,`version`,`value`,`name`,`type`,`module_id`,`status`) VALUES ('11000320','1337862019901','1337862019901','0','/web/member.do?method=checkAndSaveSalesManInfo','web_member_checkAndSaveSalesManInfo','request',null,'active');
insert into   `resource` (`id`,`created`,`last_update`,`version`,`value`,`name`,`type`,`module_id`,`status`) VALUES ('11000321','1337862019901','1337862019901','0','/web/member.do?method=getSaleMans','web_member_getSaleMans','request',null,'active');
insert into   `resource` (`id`,`created`,`last_update`,`version`,`value`,`name`,`type`,`module_id`,`status`) VALUES ('11000280','1337862019901','1337862019901','0','/web/member.do?method=getExecutor','web_member_getExecutor','request',null,'active');
insert into   `resource` (`id`,`created`,`last_update`,`version`,`value`,`name`,`type`,`module_id`,`status`) VALUES ('11000281','1337862019901','1337862019901','0','/web/member.do?method=getMemberInfo','web_member_getMemberInfo','request',null,'active');
insert into   `resource` (`id`,`created`,`last_update`,`version`,`value`,`name`,`type`,`module_id`,`status`) VALUES ('11000282','1337862019901','1337862019901','0','/web/txn.do?method=getServices','web_member_getServices','request',null,'active');
insert into   `resource` (`id`,`created`,`last_update`,`version`,`value`,`name`,`type`,`module_id`,`status`) VALUES ('11000283','1337862019901','1337862019901','0','/web/txn.do?method=searchWorks','web_member_searchWorks','request',null,'active');
insert into   `resource` (`id`,`created`,`last_update`,`version`,`value`,`name`,`type`,`module_id`,`status`) VALUES ('11000284','1337862019901','1337862019901','0','/web/category.do?method=getCategoryItemSearch','web_member_getCategoryItemSearch','request',null,'active');
insert into   `resource` (`id`,`created`,`last_update`,`version`,`value`,`name`,`type`,`module_id`,`status`) VALUES ('11000285','1337862019901','1337862019901','0','/web/category.do?method=getServiceNoCategory','web_member_getServiceNoCategory','request',null,'active');
insert into   `resource` (`id`,`created`,`last_update`,`version`,`value`,`name`,`type`,`module_id`,`status`) VALUES ('11000286','1337862019901','1337862019901','0','/web/category.do?method=getServiceNoPercentage','web_member_getServiceNoPercentage','request',null,'active');
insert into   `resource` (`id`,`created`,`last_update`,`version`,`value`,`name`,`type`,`module_id`,`status`) VALUES ('11000287','1337862019901','1337862019901','0','/web/washBeauty.do?method=getCustomerInfoByName','web_member_getCustomerInfoByName','request',null,'active');
insert into   `resource` (`id`,`created`,`last_update`,`version`,`value`,`name`,`type`,`module_id`,`status`) VALUES ('11000288','1337862019901','1337862019901','0','/web/washBeauty.do?method=getCustomerInfoByLicenceNo','web_member_getCustomerInfoByLicenceNo','request',null,'active');
insert into   `resource` (`id`,`created`,`last_update`,`version`,`value`,`name`,`type`,`module_id`,`status`) VALUES ('11000289','1337862019901','1337862019901','0','/web/member.do?method=checkCardNameByName','web_member_checkCardNameByName','request',null,'active');
insert into   `resource` (`id`,`created`,`last_update`,`version`,`value`,`name`,`type`,`module_id`,`status`) VALUES ('11000290','1337862019901','1337862019901','0','/web/member.do?method=toCardFirst','web_member_toCardFirst','request',null,'active');
insert into   `resource` (`id`,`created`,`last_update`,`version`,`value`,`name`,`type`,`module_id`,`status`) VALUES ('11000291','1337862019901','1337862019901','0','/web/member.do?method=toCardSecond','web_member_toCardSecond','request',null,'active');
insert into   `resource` (`id`,`created`,`last_update`,`version`,`value`,`name`,`type`,`module_id`,`status`) VALUES ('11000292','1337862019901','1337862019901','0','/web/member.do?method=toCardThird','web_member_toCardThird','request',null,'active');
insert into   `resource` (`id`,`created`,`last_update`,`version`,`value`,`name`,`type`,`module_id`,`status`) VALUES ('11000293','1337862019901','1337862019901','0','/web/member.do?method=saveCardSet','web_member_saveCardSet','request',null,'active');
insert into   `resource` (`id`,`created`,`last_update`,`version`,`value`,`name`,`type`,`module_id`,`status`) VALUES ('11000294','1337862019901','1337862019901','0','/web/member.do?method=disableMemberCard','web_member_disableMemberCard','request',null,'active');
insert into   `resource` (`id`,`created`,`last_update`,`version`,`value`,`name`,`type`,`module_id`,`status`) VALUES ('11000295','1337862019901','1337862019901','0','/web/member.do?method=selectCardList','web_member_selectCardList','request',null,'active');
insert into   `resource` (`id`,`created`,`last_update`,`version`,`value`,`name`,`type`,`module_id`,`status`) VALUES ('11000296','1337862019901','1337862019901','0','/web/member.do?method=buyCard','web_member_buyCard','request',null,'active');
insert into   `resource` (`id`,`created`,`last_update`,`version`,`value`,`name`,`type`,`module_id`,`status`) VALUES ('11000297','1337862019901','1337862019901','0','/web/member.do?method=updateSalesManInfo','web_member_updateSalesManInfo','request',null,'active');
insert into   `resource` (`id`,`created`,`last_update`,`version`,`value`,`name`,`type`,`module_id`,`status`) VALUES ('11000298','1337862019901','1337862019901','0','/web/member.do?method=saveMemberCardOrder','web_member_saveMemberCardOrder','request',null,'active');
insert into   `resource` (`id`,`created`,`last_update`,`version`,`value`,`name`,`type`,`module_id`,`status`) VALUES ('11000299','1337862019901','1337862019901','0','/web/member.do?method=printMemberOrder','web_member_printMemberOrder','request',null,'active');
insert into   `resource` (`id`,`created`,`last_update`,`version`,`value`,`name`,`type`,`module_id`,`status`) VALUES ('11000300','1337862019901','1337862019901','0','/web/member.do?method=checkMemberNo','web_member_checkMemberNo','request',null,'active');
insert into   `resource` (`id`,`created`,`last_update`,`version`,`value`,`name`,`type`,`module_id`,`status`) VALUES ('11000301','1337862019901','1337862019901','0','/web/member.do?method=getServiceByCardServiceCombineMemberService','web_member_getServiceByCardServiceCombineMemberService','request',null,'active');
insert into   `resource` (`id`,`created`,`last_update`,`version`,`value`,`name`,`type`,`module_id`,`status`) VALUES ('11000302','1337862019901','1337862019901','0','/web/member.do?method=getServices','web_member_getServices','request',null,'active');
insert into   `resource` (`id`,`created`,`last_update`,`version`,`value`,`name`,`type`,`module_id`,`status`) VALUES ('11000303','1337862019901','1337862019901','0','/web/member.do?method=getVehiclesAndMobile','web_member_getVehiclesAndMobile','request',null,'active');
insert into   `resource` (`id`,`created`,`last_update`,`version`,`value`,`name`,`type`,`module_id`,`status`) VALUES ('11000304','1337862019901','1337862019901','0','/web/customer.do?method=checkCustomerExistAndSave','web_member_checkCustomerExistAndSave','request',null,'active');
insert into   `resource` (`id`,`created`,`last_update`,`version`,`value`,`name`,`type`,`module_id`,`status`) VALUES ('11000305','1337862019901','1337862019901','0','/web/txn.do?method=validateRepairOrder','web_member_validateRepairOrder','request',null,'active');
insert into   `resource` (`id`,`created`,`last_update`,`version`,`value`,`name`,`type`,`module_id`,`status`) VALUES ('11000306','1337862019901','1337862019901','0','/web/user.do?method=validateRepairOrder','web_member_validateRepairOrder','request',null,'active');
insert into   `resource` (`id`,`created`,`last_update`,`version`,`value`,`name`,`type`,`module_id`,`status`) VALUES ('11000307','1337862019901','1337862019901','0','/web/category.do?method=updateServiceSingle','web_member_updateServiceSingle','request',null,'active');
insert into   `resource` (`id`,`created`,`last_update`,`version`,`value`,`name`,`type`,`module_id`,`status`) VALUES ('11000308','1337862019901','1337862019901','0','/web/category.do?method=createNewService','web_member_createNewService','request',null,'active');
insert into   `resource` (`id`,`created`,`last_update`,`version`,`value`,`name`,`type`,`module_id`,`status`) VALUES ('11000309','1337862019901','1337862019901','0','/web/category.do?method=addNewService','web_member_addNewService','request',null,'active');
insert into   `resource` (`id`,`created`,`last_update`,`version`,`value`,`name`,`type`,`module_id`,`status`) VALUES ('11000310','1337862019901','1337862019901','0','/web/category.do?method=updateServicePercentage','web_member_updateServicePercentage','request',null,'active');
insert into   `resource` (`id`,`created`,`last_update`,`version`,`value`,`name`,`type`,`module_id`,`status`) VALUES ('11000311','1337862019901','1337862019901','0','/web/category.do?method=updateServiceCategory','web_member_updateServiceCategory','request',null,'active');
insert into   `resource` (`id`,`created`,`last_update`,`version`,`value`,`name`,`type`,`module_id`,`status`) VALUES ('11000312','1337862019901','1337862019901','0','/web/washBeauty.do?method=createWashBeautyOrder','web_member_createWashBeautyOrder','request',null,'active');
insert into   `resource` (`id`,`created`,`last_update`,`version`,`value`,`name`,`type`,`module_id`,`status`) VALUES ('11000313','1337862019901','1337862019901','0','/web/washBeauty.do?method=addNewWashBeautyOrderItemDTO','web_member_addNewWashBeautyOrderItemDTO','request',null,'active');
insert into   `resource` (`id`,`created`,`last_update`,`version`,`value`,`name`,`type`,`module_id`,`status`) VALUES ('11000314','1337862019901','1337862019901','0','/web/washBeauty.do?method=washBeautyAccount','web_member_washBeautyAccount','request',null,'active');
insert into   `resource` (`id`,`created`,`last_update`,`version`,`value`,`name`,`type`,`module_id`,`status`) VALUES ('11000315','1337862019901','1337862019901','0','/web/washBeauty.do?method=validateWashBeautyOrder','web_member_validateWashBeautyOrder','request',null,'active');
insert into   `resource` (`id`,`created`,`last_update`,`version`,`value`,`name`,`type`,`module_id`,`status`) VALUES ('11000316','1337862019901','1337862019901','0','/web/washBeauty.do?method=saveWashBeautyOrder','web_member_saveWashBeautyOrder','request',null,'active');
insert into   `resource` (`id`,`created`,`last_update`,`version`,`value`,`name`,`type`,`module_id`,`status`) VALUES ('11000317','1337862019901','1337862019901','0','/web/user.do?method=changeMemberPassword','web_member_changeMemberPassword','request',null,'active');

insert into   `role_resource` (`resource_id`,`role_id`,`id`,`created`,`last_update`,`version`) VALUES ('11000318','21000058','31000318',1337862019901,1337862019901,0);
insert into   `role_resource` (`resource_id`,`role_id`,`id`,`created`,`last_update`,`version`) VALUES ('11000319','21000058','31000319',1337862019901,1337862019901,0);
insert into   `role_resource` (`resource_id`,`role_id`,`id`,`created`,`last_update`,`version`) VALUES ('11000320','21000058','31000320',1337862019901,1337862019901,0);
insert into   `role_resource` (`resource_id`,`role_id`,`id`,`created`,`last_update`,`version`) VALUES ('11000321','21000058','31000321',1337862019901,1337862019901,0);
insert into   `role_resource` (`resource_id`,`role_id`,`id`,`created`,`last_update`,`version`) VALUES ('11000280','21000058','31000280',1337862019901,1337862019901,0);
insert into   `role_resource` (`resource_id`,`role_id`,`id`,`created`,`last_update`,`version`) VALUES ('11000281','21000058','31000281',1337862019901,1337862019901,0);
insert into   `role_resource` (`resource_id`,`role_id`,`id`,`created`,`last_update`,`version`) VALUES ('11000282','21000058','31000282',1337862019901,1337862019901,0);
insert into   `role_resource` (`resource_id`,`role_id`,`id`,`created`,`last_update`,`version`) VALUES ('11000283','21000058','31000283',1337862019901,1337862019901,0);
insert into   `role_resource` (`resource_id`,`role_id`,`id`,`created`,`last_update`,`version`) VALUES ('11000284','21000058','31000284',1337862019901,1337862019901,0);
insert into   `role_resource` (`resource_id`,`role_id`,`id`,`created`,`last_update`,`version`) VALUES ('11000285','21000058','31000285',1337862019901,1337862019901,0);
insert into   `role_resource` (`resource_id`,`role_id`,`id`,`created`,`last_update`,`version`) VALUES ('11000286','21000058','31000286',1337862019901,1337862019901,0);
insert into   `role_resource` (`resource_id`,`role_id`,`id`,`created`,`last_update`,`version`) VALUES ('11000287','21000058','31000287',1337862019901,1337862019901,0);
insert into   `role_resource` (`resource_id`,`role_id`,`id`,`created`,`last_update`,`version`) VALUES ('11000288','21000058','31000288',1337862019901,1337862019901,0);
insert into   `role_resource` (`resource_id`,`role_id`,`id`,`created`,`last_update`,`version`) VALUES ('11000289','21000059','31000289',1337862019901,1337862019901,0);
insert into   `role_resource` (`resource_id`,`role_id`,`id`,`created`,`last_update`,`version`) VALUES ('11000290','21000059','31000290',1337862019901,1337862019901,0);
insert into   `role_resource` (`resource_id`,`role_id`,`id`,`created`,`last_update`,`version`) VALUES ('11000291','21000059','31000291',1337862019901,1337862019901,0);
insert into   `role_resource` (`resource_id`,`role_id`,`id`,`created`,`last_update`,`version`) VALUES ('11000292','21000059','31000292',1337862019901,1337862019901,0);
insert into   `role_resource` (`resource_id`,`role_id`,`id`,`created`,`last_update`,`version`) VALUES ('11000293','21000059','31000293',1337862019901,1337862019901,0);
insert into   `role_resource` (`resource_id`,`role_id`,`id`,`created`,`last_update`,`version`) VALUES ('11000294','21000059','31000294',1337862019901,1337862019901,0);
insert into   `role_resource` (`resource_id`,`role_id`,`id`,`created`,`last_update`,`version`) VALUES ('11000295','21000059','31000295',1337862019901,1337862019901,0);
insert into   `role_resource` (`resource_id`,`role_id`,`id`,`created`,`last_update`,`version`) VALUES ('11000296','21000059','31000296',1337862019901,1337862019901,0);
insert into   `role_resource` (`resource_id`,`role_id`,`id`,`created`,`last_update`,`version`) VALUES ('11000297','21000059','31000297',1337862019901,1337862019901,0);
insert into   `role_resource` (`resource_id`,`role_id`,`id`,`created`,`last_update`,`version`) VALUES ('11000298','21000059','31000298',1337862019901,1337862019901,0);
insert into   `role_resource` (`resource_id`,`role_id`,`id`,`created`,`last_update`,`version`) VALUES ('11000299','21000059','31000299',1337862019901,1337862019901,0);
insert into   `role_resource` (`resource_id`,`role_id`,`id`,`created`,`last_update`,`version`) VALUES ('11000300','21000059','31000300',1337862019901,1337862019901,0);
insert into   `role_resource` (`resource_id`,`role_id`,`id`,`created`,`last_update`,`version`) VALUES ('11000301','21000059','31000301',1337862019901,1337862019901,0);
insert into   `role_resource` (`resource_id`,`role_id`,`id`,`created`,`last_update`,`version`) VALUES ('11000302','21000059','31000302',1337862019901,1337862019901,0);
insert into   `role_resource` (`resource_id`,`role_id`,`id`,`created`,`last_update`,`version`) VALUES ('11000303','21000059','31000303',1337862019901,1337862019901,0);
insert into   `role_resource` (`resource_id`,`role_id`,`id`,`created`,`last_update`,`version`) VALUES ('11000304','21000059','31000304',1337862019901,1337862019901,0);
insert into   `role_resource` (`resource_id`,`role_id`,`id`,`created`,`last_update`,`version`) VALUES ('11000305','21000059','31000305',1337862019901,1337862019901,0);
insert into   `role_resource` (`resource_id`,`role_id`,`id`,`created`,`last_update`,`version`) VALUES ('11000306','21000059','31000306',1337862019901,1337862019901,0);
insert into   `role_resource` (`resource_id`,`role_id`,`id`,`created`,`last_update`,`version`) VALUES ('11000307','21000059','31000307',1337862019901,1337862019901,0);
insert into   `role_resource` (`resource_id`,`role_id`,`id`,`created`,`last_update`,`version`) VALUES ('11000308','21000059','31000308',1337862019901,1337862019901,0);
insert into   `role_resource` (`resource_id`,`role_id`,`id`,`created`,`last_update`,`version`) VALUES ('11000309','21000059','31000309',1337862019901,1337862019901,0);
insert into   `role_resource` (`resource_id`,`role_id`,`id`,`created`,`last_update`,`version`) VALUES ('11000310','21000059','31000310',1337862019901,1337862019901,0);
insert into   `role_resource` (`resource_id`,`role_id`,`id`,`created`,`last_update`,`version`) VALUES ('11000311','21000059','31000311',1337862019901,1337862019901,0);
insert into   `role_resource` (`resource_id`,`role_id`,`id`,`created`,`last_update`,`version`) VALUES ('11000312','21000059','31000312',1337862019901,1337862019901,0);
insert into   `role_resource` (`resource_id`,`role_id`,`id`,`created`,`last_update`,`version`) VALUES ('11000313','21000059','31000313',1337862019901,1337862019901,0);
insert into   `role_resource` (`resource_id`,`role_id`,`id`,`created`,`last_update`,`version`) VALUES ('11000314','21000059','31000314',1337862019901,1337862019901,0);
insert into   `role_resource` (`resource_id`,`role_id`,`id`,`created`,`last_update`,`version`) VALUES ('11000315','21000059','31000315',1337862019901,1337862019901,0);
insert into   `role_resource` (`resource_id`,`role_id`,`id`,`created`,`last_update`,`version`) VALUES ('11000316','21000059','31000316',1337862019901,1337862019901,0);
insert into   `role_resource` (`resource_id`,`role_id`,`id`,`created`,`last_update`,`version`) VALUES ('11000317','21000059','31000317',1337862019901,1337862019901,0);

insert into   `role` (`name`,`id`,`created`,`last_update`,`version`,`status`) VALUES ('web_member_normal','21000058','1337862019901','1337862019901','0','active');
insert into   `role` (`name`,`id`,`created`,`last_update`,`version`,`status`) VALUES ('web_member_special','21000059','1337862019901','1337862019901','0','active');

insert into   `user_group_role` (`user_group_id`,`role_id`,`id`,`created`,`last_update`,`version`) VALUES ('41000006','21000058','51000058',1337862019901,1337862019901,0);
insert into   `user_group_role` (`user_group_id`,`role_id`,`id`,`created`,`last_update`,`version`) VALUES ('41000006','21000059','51000059',1337862019901,1337862019901,0);

insert into   `user_group_role` (`user_group_id`,`role_id`,`id`,`created`,`last_update`,`version`) VALUES ('41000004','21000058','71000058',1337862019901,1337862019901,0);
insert into   `user_group_role` (`user_group_id`,`role_id`,`id`,`created`,`last_update`,`version`) VALUES ('41000004','21000059','71000059',1337862019901,1337862019901,0);

insert into   `user_group_role` (`user_group_id`,`role_id`,`id`,`created`,`last_update`,`version`) VALUES ('41000003','21000058','81000058',1337862019901,1337862019901,0);
insert into   `user_group_role` (`user_group_id`,`role_id`,`id`,`created`,`last_update`,`version`) VALUES ('41000003','21000059','81000059',1337862019901,1337862019901,0);

insert into   `user_group_role` (`user_group_id`,`role_id`,`id`,`created`,`last_update`,`version`) VALUES ('41000001','21000058','91000058',1337862019901,1337862019901,0);
insert into   `user_group_role` (`user_group_id`,`role_id`,`id`,`created`,`last_update`,`version`) VALUES ('41000001','21000059','91000059',1337862019901,1337862019901,0);


insert into   `user_group_role` (`user_group_id`,`role_id`,`id`,`created`,`last_update`,`version`) VALUES ('41000007','21000058','111000058',1337862019901,1337862019901,0);

insert into   `shop_role` (`shop_type`,`role_id`,`id`,`created`,`last_update`,`version`) VALUES ('INTEGRATED_SHOP','21000058','21000058',1337862019901,1337862019901,0);
insert into   `shop_role` (`shop_type`,`role_id`,`id`,`created`,`last_update`,`version`) VALUES ('INTEGRATED_SHOP','21000059','21000059',1337862019901,1337862019901,0);

insert into   `role_resource` (`resource_id`,`role_id`,`id`,`created`,`last_update`,`version`) VALUES ('11000322','21000059','31000322',1337862019901,1337862019901,0);
insert into   `resource` (`id`,`created`,`last_update`,`version`,`value`,`name`,`type`,`module_id`,`status`) VALUES ('11000322','1337862019901','1337862019901','0','/web/txn.do?method=accountDetail','web_member_accountDetail','request',null,'active');

insert into   `resource` (`id`,`created`,`last_update`,`version`,`value`,`name`,`type`,`module_id`,`status`) VALUES ('11000325','1337862019901','1337862019901','0','/web/member.do?method=selectFirstPage','web_member_selectFirstPage','request',null,'active');
insert into   `role_resource` (`resource_id`,`role_id`,`id`,`created`,`last_update`,`version`) VALUES ('11000325','21000059','31000325',1337862019901,1337862019901,0);





insert into   `role_resource` (`resource_id`,`role_id`,`id`,`created`,`last_update`,`version`) VALUES ('11000326','21000059','31000326',1337862019901,1337862019901,0);
insert into   `resource` (`id`,`created`,`last_update`,`version`,`value`,`name`,`type`,`module_id`,`status`) VALUES ('11000326','1337862019901','1337862019901','0','/web/txn.do?method=judgeService','web_member_judgeService','request',null,'active');



insert into   `role_resource` (`resource_id`,`role_id`,`id`,`created`,`last_update`,`version`) VALUES ('11000329','21000003','31000329',1337862019901,1337862019901,0);
insert into   `resource` (`id`,`created`,`last_update`,`version`,`value`,`name`,`type`,`module_id`,`status`) VALUES ('11000329','1337862019901','1337862019901','0','/web/customer.do?method=licenceNoIsExisted','web_vehicle_licenceNoIsExisted','request',null,'active');

insert into   `role_resource` (`resource_id`,`role_id`,`id`,`created`,`last_update`,`version`) VALUES ('11000328','21000058','31000328',1337862019901,1337862019901,0);
insert into   `resource` (`id`,`created`,`last_update`,`version`,`value`,`name`,`type`,`module_id`,`status`) VALUES ('11000328','1337862019901','1337862019901','0','/web/washBeauty.do?method=printWashBeautyTicket','web_member_printWashBeautyTicket','request',null,'active');

insert into   `role_resource` (`resource_id`,`role_id`,`id`,`created`,`last_update`,`version`) VALUES ('11000327','21000059','31000327',1337862019901,1337862019901,0);
insert into   `resource` (`id`,`created`,`last_update`,`version`,`value`,`name`,`type`,`module_id`,`status`) VALUES ('11000327','1337862019901','1337862019901','0','/web/member.do?method=checkNoMemberCard','web_member_checkNoMemberCard','request',null,'active');


insert into   `role_resource` (`resource_id`,`role_id`,`id`,`created`,`last_update`,`version`) VALUES ('11000330','21000054','31000330',1337862019901,1337862019901,0);
insert into   `role_resource` (`resource_id`,`role_id`,`id`,`created`,`last_update`,`version`) VALUES ('11000331','21000054','31000331',1337862019901,1337862019901,0);

insert into   `resource` (`id`,`created`,`last_update`,`version`,`value`,`name`,`type`,`module_id`,`status`) VALUES ('11000330','1337862019901','1337862019901','0','/web/init.do?method=initUserToSalesMan','web_bcgogoSystem_initUserToSalesMan','request',null,'active');
insert into   `resource` (`id`,`created`,`last_update`,`version`,`value`,`name`,`type`,`module_id`,`status`) VALUES ('11000331','1337862019901','1337862019901','0','/web/init.do?method=initWashCardToMember','web_bcgogoSystem_initWashCardToMember','request',null,'active');

insert into   `resource` (`id`,`created`,`last_update`,`version`,`value`,`name`,`type`,`module_id`,`status`) VALUES ('11000332','1337862019901','1337862019901','0','/web/businessStat.do?method=getMemberOrder','web_shopSystem_stat_getMemberOrder','request',null,'active');
insert into   `role_resource` (`resource_id`,`role_id`,`id`,`created`,`last_update`,`version`) VALUES ('11000332','21000042','31000332',1337862019901,1337862019901,0);

insert into   `resource` (`id`,`created`,`last_update`,`version`,`value`,`name`,`type`,`module_id`,`status`) VALUES ('11000333','1337862019901','1337862019901','0','/web/member','web_member','render',null,'active');
insert into   `role_resource` (`resource_id`,`role_id`,`id`,`created`,`last_update`,`version`) VALUES ('11000333','21000058','31000333',1337862019901,1337862019901,0);
insert into   `resource` (`id`,`created`,`last_update`,`version`,`value`,`name`,`type`,`module_id`,`status`) VALUES ('11000334','1337862019901','1337862019901','0','/web/member.do?method=checkMobileDifferentCustomer','web_member_checkMobileDifferentCustomer','request',null,'active');
insert into   `role_resource` (`resource_id`,`role_id`,`id`,`created`,`last_update`,`version`) VALUES ('11000334','21000058','31000334',1337862019901,1337862019901,0);

insert into   `resource` (`id`,`created`,`last_update`,`version`,`value`,`name`,`type`,`module_id`,`status`) VALUES ('11000335','1337862019901','1337862019901','0','/web/washBeauty.do?method=getWashBeautyOrder','web_invoicing_getWashBeauty','request',null,'active');
insert into   `role_resource` (`resource_id`,`role_id`,`id`,`created`,`last_update`,`version`) VALUES ('11000335','21000014','31000335',1337862019901,1337862019901,0);

insert into   `resource` (`id`,`created`,`last_update`,`version`,`value`,`name`,`type`,`module_id`,`status`) VALUES ('11000336','1337862019901','1337862019901','0','/web/category.do?method=checkServiceNameRepeat','web_member_checkServiceRepeat','request',null,'active');
insert into  `role_resource` (`resource_id`,`role_id`,`id`,`created`,`last_update`,`version`) VALUES ('11000336','21000059','31000336',1337862019901,1337862019901,0);

COMMIT;

